#threads, average throughput, std deviation
2,3849253.3,613690.581012
4,1664440.8,163501.5417
8,850938.4,13643.9167998
16,387438.9,55934.9020853
32,180272.9,13174.1542229
